ID,SPEED,TRAVEL_TIME,STATUS,DATA_AS_OF,LINK_ID,LINK_POINTS,ENCODED_POLY_LINE,ENCODED_POLY_LINE_LVLS,OWNER,TRANSCOM_ID,BOROUGH,LINK_NAME
437,0,0,-101,6/11/2019 13:48,4616203,"40.52581,-74.23039 40.52593,-74.228371 40.52611,-74.22745 40.52653,-74.226761 40.5271204,-74.226401 40.529101,-74.22574 40.5309504,-74.22432 40.53188,-74.22409 40.536891,-74.22458 40.5388504,-74.2245 40.5418,-74.22405 40.54379,-74.22338 40.54589,-74.22241",iejvF\\|badMWsKc@wDsAiCuBgAkKcCqJ{GyDm@i^`BgKOmQyAmKeCcLaE{FoCcHmE,BBBBBBBBBBBBBBB,NYC_DOT_LIC,4616203,Staten Island,WSE S BLLOMINGDALE ROAD - TYRELLAN AVENUE
406,51.57,132,0,6/5/2019 21:18,4456506,"40.81763,-73.80362001 40.817516,-73.80261 40.817226,-73.80083 40.81692,-73.79984 40.81633,-73.79839001 40.815835,-73.79751 40.815185,-73.79659001 40.81439,-73.79573 40.81353,-73.79503001 40.81242,-73.79433 40.81186,-73.79407 40.81112,-73.79382001 40.81,-7",eecxFrwmaMViEx@cJz@eEtBaHbBoD`CwD\\|CkDjDkC\\|EkCnBs@rCq@~Eg@fy@m@\\|P?,BBBBBBBBBBBBBBB,NYC_DOT_LIC,4456506,Queens,TNB S Toll Plaza - Queens Anchorage
215,34.17,199,0,5/28/2019 23:19,4616329,"40.7369006,-73.974651 40.73868,-73.973391 40.73897,-73.97323 40.73955,-73.97298 40.7415304,-73.97247 40.7423406,-73.97229 40.7428504,-73.97213 40.74338,-73.971871 40.7440804,-73.97141 40.7446706,-73.97103 40.7455605,-73.970301 40.7465204,-73.96929 40.7472",slswFpdobMcJ{Fy@_@sBq@kKeBaDc@eB_@iBs@kC{AuBkAqDqC_EiEyCuCcDaCeT}PuJuIrAhAcE{CaEkDcEkFsEiD}FiEiHoFcAwA}BoD,BBBBBBBBBBBBBBBBBBBBBBBBB,NYC_DOT_LIC,4616329,Manhattan,FDR N 25th - 63rd St
378,52.19,51,0,5/22/2019 20:34,4616197,"40.6210105,-74.168861 40.6207604,-74.168 40.6182105,-74.162381 40.6154,-74.15806 40.6149404,-74.15748",ix\\\\\\\\\\|vFjbucMp@kD\\\\\\\\\\|Ncb@pP_ZzAsB,BBBBB,NYC_DOT_LIC,4616197,Staten Island,SIE E SOUTH AVENUE - RICHMOND AVENUE
440,30.44,253,0,5/17/2019 3:13,4329483,"40.5264504,-74.27001 40.52568,-74.267851 40.52528,-74.26585 40.52492,-74.26286 40.5246206,-74.260011 40.5243004,-74.25713 40.52432,-74.254681 40.5243904,-74.253171 40.5245704,-74.25105 40.5256,-74.243941 40.52514,-74.24127 40.5253105,-74.237981 40.5254706",iijvFpzhdMxCoLnAoKfAuQz@yP~@_QCiNMmHc@gLuAmk@[uOa@qS_@eN_@sMc@wP,BBBBBBBBBBBBBBB,NYC_DOT_LIC,4329483,Staten Island,WSE S TYRELLAN AVENUE - 440 S FRANCIS STREET
410,49.08,94,0,5/9/2019 16:24,4763656,"40.6039704,-74.052281 40.604651,-74.05021 40.60737,-74.04182 40.60795,-74.039971 40.608211,-74.03919",ymyvFvi~bMgC}K_Pms@sBqJs@{C,BBBBB,Verrazano-Narrows-Bridge,4763656,Brooklyn,VNB E SI GANTRY LOWER LEVEL - BROOLKYN GANTRY LOWER LEVEL
119,32.93,195,0,5/4/2019 0:19,4456502,"40.70631,-74.01501 40.705380,-74.01528 40.70496,-74.01546 40.70374,-74.01574001 40.70304,-74.01582 40.70126,-74.01574 40.70026,-74.01541 40.69408,-74.01304 40.68556,-74.00779 40.68363,-74.00668 40.68213,-74.00602 40.681160,-74.005320 40.6798,-74.00416",mmmwFx`wbMxDt@rAb@rFv@jCNbJOfEaAre@yMft@y_@`K}EjHcC`EkCnGgF,BBBBBBBBBBBBB,MTA Bridges & Tunnels,4456502,Manhattan,BBT E Manhattan Portal - Toll Plaza
428,54.05,99,0,4/28/2019 7:13,4616241,"40.7626006,-73.839671 40.7613906,-73.83898 40.7610504,-73.83887 40.7605406,-73.83879 40.76001,-73.838821 40.75831,-73.83897 40.75788,-73.8389340.75562,-73.83847 40.75513,-73.83834 40.75455,-73.83811 40.7513,-73.835911 40.75041,-73.8353 40.7498406,-73.8350",gmxwF|xtaMpFiCbAUdBOhBDrI\tAGbM{A`BYrBm@hSwLpDyBpBw@|A_@jBMrCLbEjA~BdBjCvBf@XnAlAbBhAvB|@xAZdBRtABjCItKoBpGmAvTcAfCc@|EeBt`@oP,BBBBBBBBBBBBBBBBBBBBBBBBBBBBBBBBB,NYC_DOT_LIC,4616241,Queens,VWE S MP8.65 (Exit 13 Northern Blvd) - MP6.39 (Exit 11 Jewel Ave)
172,51.57,83,0,4/21/2019 7:43,4616310,"40.82495,-73.836211 40.82367,-73.83602 40.8202605,-73.835941 40.81888,-73.835951 40.81555,-73.83628 40.81275,-73.83627 40.8124306,-73.83621140.81201,-73.836031 40.81139,-73.83571 40.79715,-73.82657",gxhxFp{fbMpAiE`@kGhEm[L{FQqIUeKm@}^?gTB{FLgG,BBBBBBBBBBB,NYC_DOT_LIC,4616310,Bronx,CBE AMSTERDAM AVE (L/LVL) - MORRIS AVE
211,53.43,309,0,4/15/2019 15:44,4362250,"40.78795,-73.790191 40.78647,-73.78812 40.7862104,-73.787781 40.78587,-73.787381 40.7854106,-73.786931 40.7846506,-73.786261 40.7843806,-73.786071 40.78327,-73.78547 40.78266,-73.785271 40.7795604,-73.78463 40.77606,-73.78439 40.77373,-73.78426 40.77273,-",uk}wFtckaMfH}Kr@cAbAoAzAyAvCeCt@e@|EwBxBg@jR_CzTo@pMYfEi@jCk@de@}RbReIrLyEve@sJxMmDb[iL|CwApFkCfAuAPaDcBkKc@uD,BBBBBBBBBBBBBBBBBBBBBBBBBB,NYC-DOT-Region 10,4362250,Queens,CVE NB GCP - WILLETS PT BLVD
428,45.98,117,0,4/9/2019 23:28,4616241,"40.7626006,-73.839671 40.7613906,-73.83898 40.7610504,-73.83887 40.7605406,-73.83879 40.76001,-73.838821 40.75831,-73.83897 40.75788,-73.8389340.75562,-73.83847 40.75513,-73.83834 40.75455,-73.83811 40.7513,-73.835911 40.75041,-73.8353 40.7498406,-73.8350",gmxwF|xtaMpFiCbAUdBOhBDrI\tAGbM{A`BYrBm@hSwLpDyBpBw@|A_@jBMrCLbEjA~BdBjCvBf@XnAlAbBhAvB|@xAZdBRtABjCItKoBpGmAvTcAfCc@|EeBt`@oP,BBBBBBBBBBBBBBBBBBBBBBBBBBBBBBBBB,NYC_DOT_LIC,4616241,Queens,VWE S MP8.65 (Exit 13 Northern Blvd) - MP6.39 (Exit 11 Jewel Ave)
427,22.99,390,0,4/4/2019 7:08,4616259,"40.7279205,-73.83298 40.7268904,-73.83239 40.72639,-73.832001 40.7257505,-73.83126 40.724951,-73.830031 40.724301,-73.829141 40.7236905,-73.82848 40.7229,-73.827801 40.7209605,-73.826541 40.7204005,-73.82634 40.71958,-73.82621 40.718861,-73.82634 40.71746",otqwFbosaMlEuBbBmA~BsC~CuF`CqDxBcC|CgCbK{FnBg@bDYnCXvGb@lADvAA~AUhBm@zA{@vCsCzB_BtEkDzIuKxAiBnGcFbHuDpPaIlN_F,BBBBBBBBBBBBBBBBBBBBBBBBBBB,NYC_DOT_LIC,4616259,Queens,VWE S MP6.39 (Exit 11 Jewel Ave) - MP4.63 (Exit 6 Jamaica Ave)
441,60.89,129,0,3/29/2019 12:19,4616201,"40.56058,-74.199581 40.568141,-74.192011 40.5700804,-74.190751 40.571991,-74.19015 40.5737105,-74.190041 40.5751205,-74.19029 40.5763306,-74.190571 40.5777,-74.19088 40.5899804,-74.19356",s~pvFjb{cMgn@in@cK{F}JwBwIUyGp@qFv@qG|@wkAvO,BBBBBBBBB,NYC_DOT_LIC,4616201,Staten Island,WSE S VICTORY BOULEVARD - ARDEN AVENUE
141,24.23,295,0,3/23/2019 16:23,4456478,"40.772251,-73.919891 40.77391,-73.9222 40.77474,-73.92301 40.77647,-73.92431 40.7783606,-73.925761 40.7810205,-73.92776 40.78372,-73.92982 40.7842205,-73.93002 40.78477,-73.93011 40.78549,-73.930051 40.7860304,-73.92985 40.7866206,-73.929511 40.7883206,-7",qizwFhndbMkIlMeD`DyIbGyJ`HsOnK{OzKcBf@mBPoCKkBg@uBcAsIiHgGgFuFaEiGoFqMaLmGmFcFsDcHyE{ByA{EcDqGoEeAo@}@e@,BBBBBBBBBBBBBBBBBBBBBBBBB,MTA Bridges & Tunnels,4456478,Queens,BE S TBB EXIT RAMP - QUEENS ANCHORAGE
119,38.52,168,0,3/18/2019 0:24,4456502,"40.70631,-74.01501 40.705380,-74.01528 40.70496,-74.01546 40.70374,-74.01574001 40.70304,-74.01582 40.70126,-74.01574 40.70026,-74.01541 40.69408,-74.01304 40.68556,-74.00779 40.68363,-74.00668 40.68213,-74.00602 40.681160,-74.005320 40.6798,-74.00416",mmmwFx`wbMxDt@rAb@rFv@jCNbJOfEaAre@yMft@y_@`K}EjHcC`EkCnGgF,BBBBBBBBBBBBB,MTA Bridges & Tunnels,4456502,Manhattan,BBT E Manhattan Portal - Toll Plaza
424,55.3,96,0,3/12/2019 5:39,4616300,"40.77125,-73.833351 40.77065,-73.834421 40.77006,-73.8354 40.769341,-73.83641 40.76874,-73.836931 40.7679705,-73.837601 40.7672504,-73.83798 40.7659105,-73.83889 40.76558,-73.839031 40.7650104,-73.83937 40.7646304,-73.83955 40.764281,-73.83965 40.76377,-7",iczwFlqsaMvBtEtBbEnChEvBfBxCdCnCjAjGtD`AZpBbAjAb@dARdBLnACz@MtBo@,BBBBBBBBBBBBBBBB,NYC_DOT_LIC,4616300,Queens,VWE N MP8.64 (Exit 13 Northern Blvd) - Whitestone Expwy Exit 14 (Linden Pl)
141,41.63,172,0,3/6/2019 12:09,4456478,"40.772251,-73.919891 40.77391,-73.9222 40.77474,-73.92301 40.77647,-73.92431 40.7783606,-73.925761 40.7810205,-73.92776 40.78372,-73.92982 40.7842205,-73.93002 40.78477,-73.93011 40.78549,-73.930051 40.7860304,-73.92985 40.7866206,-73.929511 40.7883206,-7",qizwFhndbMkIlMeD`DyIbGyJ`HsOnK{OzKcBf@mBPoCKkBg@uBcAsIiHgGgFuFaEiGoFqMaLmGmFcFsDcHyE{ByA{EcDqGoEeAo@}@e@,BBBBBBBBBBBBBBBBBBBBBBBBB,MTA Bridges & Tunnels,4456478,Queens,BE S TBB EXIT RAMP - QUEENS ANCHORAGE
398,0,0,-101,2/25/2019 1:43,4456481,"40.77223,-73.919941 40.77367,-73.92198 40.7744206,-73.92278 40.77714,-73.924911 40.781071,-73.92788 40.78311,-73.929421 40.7837106,-73.929871 40.7842205,-73.93008 40.78477,-73.93017 40.78549,-73.93011 40.78604,-73.92991 40.78665,-73.92953 40.78972,-73.926",mizwFrndbM_HvKuC~C_PhLqWpQwKrHwBxAeBh@mBPoCKmBg@yBkAeRwOgFqDqGwFuDsCcAaAkOgJaBc@{Bn@w@~@u@hAi@pAiFvMoCnHqD~Kk@xCYtCmA|D,BBBBBBBBBBBBBBBBBBBBBBBBBBBBB,MTA Bridges & Tunnels,4456481,Queens,TBB S MANHATTAN LIFT SPAN - QUEENS ANCHORAGE
382,0,0,-101,2/19/2019 8:41,4616216,"40.63089,-74.14569 40.6298,-74.14569 40.62883,-74.14556 40.62805,-74.145451 40.6272105,-74.14546 40.62642,-74.1456 40.6255106,-74.14595 40.6247904,-74.14614 40.6241404,-74.146441 40.6234004,-74.146791 40.6226205,-74.14725 40.6217004,-74.147961 40.61916,-7",av~vFpqpcMxE?`EYzCUfD@|CZtDdAnCd@`Cz@rCdAzCzAvDlCzNlNfEfEbChBhD~AjJnBnVzDtA]|@cBD_Bq@qAaBD,BBBBBBBBBBBBBBBBBBBBBBB,NYC_DOT_LIC,4616216,Staten Island,SIE E-MLK N RICHMOND AVENUE - WALKER STREET
137,40.38,109,0,2/13/2019 14:23,4616260,"40.8242005,-73.874361 40.8249804,-73.868411 40.8254,-73.865281 40.82591,-73.860311 40.8266906,-73.854581 40.8273104,-73.84998",gndxFvq{aM{Ced@sAqReBa^{Cyb@{Bw[,BBBBBB,NYC_DOT_LIC,4616260,Bronx,BE S CASTLE HILL AVENUE - STRATFORD AVENUE
265,54.68,135,0,2/7/2019 22:17,4620298,"40.8462505,-73.932161 40.846951,-73.933641 40.8484204,-73.937041 40.8490306,-73.93994 40.8493804,-73.94181 40.8499005,-73.944651 40.8509,-73.950381 40.85139,-73.95283 40.85186,-73.95525 40.852771,-73.95957 40.85302,-73.96052 40.8531905,-73.96133 40.853280",axhxF~zfbMkCfHeHfTyBbQeAtJgBvPgExb@aBhN}AbNuD~Yq@|Da@`DQpCY|F,BBBBBBBBBBBBBB,PA-GWBridge,4620298,Manhattan,GWB E LOWER LEVEL PLAZA - CBE E LOWER LEVEL AMSTERDAM AVE
325,37.28,149,0,1/31/2019 12:53,4329472,"40.75829,-73.997531 40.7605,-74.0032 40.7620605,-74.007021 40.7662905,-74.01706",irwwFpssbMyLlb@wHzVmYv}@,BBBB,PA -Lincoln Tunnel,4329472,Manhattan,LINCOLN TUNNEL E SOUTH TUBE - NJ - NY
384,59.03,118,0,1/25/2019 20:38,4616199,"40.60213,-74.187981 40.60504,-74.185 40.60687,-74.183601 40.6098,-74.181981 40.6157705,-74.17837 40.61719,-74.177821 40.61921,-74.177141 40.620791,-74.175571 40.62154,-74.174191 40.6218804,-74.17309 40.6220405,-74.17158 40.62189,-74.17091 40.6211906,-74.1",ibyvFzyxcMeQsQmJwGiQcIid@qU{GmBsKgC{HyHuCsGcA{E_@mH\eCjCoLaCxK,BBBBBBBBBBBBBB,NYC_DOT_LIC,4616199,Staten Island,SIE W - WSE S SOUTH AVENUE - SOUTH AVENUE
425,49.7,216,0,1/20/2019 3:28,4616276,"40.67445,-73.80181 40.67374,-73.80154 40.6726106,-73.801301 40.6708206,-73.80123 40.66752,-73.801481 40.66479,-73.802321 40.66407,-73.802511 40.6633405,-73.80229 40.6627104,-73.80149 40.66255,-73.800541 40.6627104,-73.799771 40.6631406,-73.799051 40.66481",ifgwFhlmaMlCu@`Fo@dJMrSp@`PfDnCd@pCk@|B_D^}D_@yCuAoCmIuEsCmEs@sCc@_GYyLaAa^uDuaAKqMLyT\mJ`Dij@,BBBBBBBBBBBBBBBBBBBBBBB,NYC_DOT_LIC,4616276,Queens,VWE S MP2.66 (Exit 2 Rockaway Blvd) - Belt Pkwy E 182nd St
395,10.56,739,0,1/14/2019 8:48,4456476,"40.7723,-73.91983 40.7738304,-73.92197 40.77443,-73.92261 40.77546,-73.92346 40.7783806,-73.925631 40.78103,-73.927631 40.78363,-73.929611 40.784271,-73.92989 40.7851,-73.929971 40.7858105,-73.929841 40.78629,-73.929601 40.786801,-73.92923 40.78799,-73.92",{izwF|mdbMqHjLwB~BmEhDgQpLqOnKgOjK_Cv@eDNmCY_Bo@eBiAmFsEyJkIcPmM_D}DcAkAiG}HsBwB{CqDcAg@_AFi@Ve@|@]hBMjBs@zD_AnDgD`KcDhKeEpMs@vAqAlB{AnE,BBBBBBBBBBBBBBBBBBBBBBBBBBBBBBBBBB,MTA Bridges & Tunnels,4456476,Queens,TBB N QUEENS ANCHORAGE - MANHATTAN LIFT SPAN
338,0,0,-101,1/8/2019 16:43,4616255,"40.81376,-73.93128 40.8127206,-73.9316 40.8121104,-73.93169 40.81148,-73.93161 40.81091,-73.931261 40.81044,-73.93079 40.8082604,-73.927901 40.80772,-73.9269 40.80653,-73.923971 40.80503,-73.92024 40.8037906,-73.917471 40.8036,-73.916931 40.803411,-73.915",_mbxFnufbMnE~@xBP|BOpBeA|A}ArLaQjBgElFiQjHiVvFiPd@kBd@_EB{DQcBi@uB{@cCcEmL??wCcI_AyCgEwMo@wAa^{j@eGiJcAiAyB}Bya@gc@_A{@sFgJcC}CK_@cGm{@uAmS,BBBBBBBBBBBBBBBBBBBBBBBBBBBBBBBBBB,NYC_DOT_LIC,4616255,Bronx,MDE N RFK Bridge - 142nd St
440,55.3,138,0,1/2/2019 23:43,4329483,"40.5264504,-74.27001 40.52568,-74.267851 40.52528,-74.26585 40.52492,-74.26286 40.5246206,-74.260011 40.5243004,-74.25713 40.52432,-74.254681 40.5243904,-74.253171 40.5245704,-74.25105 40.5256,-74.243941 40.52514,-74.24127 40.5253105,-74.237981 40.5254706",iijvFpzhdMxCoLnAoKfAuQz@yP~@_QCiNMmHc@gLuAmk@[uOa@qS_@eN_@sMc@wP,BBBBBBBBBBBBBBB,NYC_DOT_LIC,4329483,Staten Island,WSE S TYRELLAN AVENUE - 440 S FRANCIS STREET
338,0,0,-101,12/28/2018 7:38,4616255,"40.81376,-73.93128 40.8127206,-73.9316 40.8121104,-73.93169 40.81148,-73.93161 40.81091,-73.931261 40.81044,-73.93079 40.8082604,-73.927901 40.80772,-73.9269 40.80653,-73.923971 40.80503,-73.92024 40.8037906,-73.917471 40.8036,-73.916931 40.803411,-73.915",_mbxFnufbMnE~@xBP|BOpBeA|A}ArLaQjBgElFiQjHiVvFiPd@kBd@_EB{DQcBi@uB{@cCcEmL??wCcI_AyCgEwMo@wAa^{j@eGiJcAiAyB}Bya@gc@_A{@sFgJcC}CK_@cGm{@uAmS,BBBBBBBBBBBBBBBBBBBBBBBBBBBBBBBBBB,NYC_DOT_LIC,4616255,Bronx,MDE N RFK Bridge - 142nd St
206,37.28,315,0,12/22/2018 15:47,4362252,"40.7889706,-73.790541 40.7889404,-73.789571 40.78923,-73.78775 40.78958,-73.78552 40.7896406,-73.78466 40.78952,-73.7821 40.7893705,-73.78109 40.78911,-73.77983 40.7886504,-73.778501 40.78822,-73.77755 40.78766,-73.776491 40.7871504,-73.77579 40.78654,-73",ar}wFzekaMDaEy@kJeA}LKkDV_O\iEr@{FzAiGtA}DnBsEdBkCxBmCjE_E|FwEzG_GhMyMzE}CfJmDnKmEtImFjG{FnLgOlCqCtDiCnI_DxQyE|CaBnGsGpBeD~A}DpFsV`CgG~BaEtFqGxAeBzBiFtA{Ft@oHS_CwAmDiBuDa@oA}OyZcAaDoA}EmBwHiBwEgHkMaBoDsAmEaBiHk@{E,BBBBBBBBBBBBBBBBBBBBBBBBBBBBBBBBBBBBBBBBBBBBBBBBBBBBB,NYC-DOT-Region 10,4362252,Queens,CIP N LIE ramp - TNB
435,59.65,102,0,12/16/2018 23:38,4616198,"40.62102,-74.168861 40.6212304,-74.16992 40.6212304,-74.170961 40.6206306,-74.173561 40.6197105,-74.175091 40.6188605,-74.17597 40.61693,-74.1773 40.60685,-74.183361 40.60437,-74.18531 40.6020904,-74.187711",kx|vFjbucMi@rE?nEvBfOvDpHhDnD`KhG~}@zd@nNdKfM~M,BBBBBBBBBB,NYC_DOT_LIC,4616198,Staten Island,WSE N-SIE E SOUTH AVENUE - SOUTH AVENUE
377,39.14,101,0,12/11/2018 7:23,4616195,"40.61486,-74.15738 40.60931,-74.15012 40.60846,-74.14847 40.6079,-74.146831 40.60764,-74.14555 40.6074906,-74.14404 40.60757,-74.1409",{q{vFrzrcMta@kl@hDiInBiIr@}F\mHOsR,BBBBBBB,NYC_DOT_LIC,4616195,Staten Island,SIE E RICHMOND AVENUE - WOOLEY AVENUE
221,31.68,319,0,12/5/2018 15:02,4616333,"40.736971,-73.97477 40.73651,-73.975011 40.73595,-73.97506 40.73512,-73.974911 40.734061,-73.974611 40.7327304,-73.974281 40.731711,-73.97403 40.7313705,-73.973851 40.73096,-73.97359 40.73067,-73.97328 40.73019,-73.972671 40.72966,-73.972181 40.72914,-73.",amswFheobMzAn@nBHdD]rE{@hGaAjEq@bAc@pAs@x@}@~AyBhBaBfB{@vBU~ADpBNnCXnB`@zCpAtEdCjE`CxBhAvAl@hC\pCPbDPlDPpDZ|B\|Cz@fA\XVbGzBpElBfIfDpAz@dBvBl@lAf@dC`@`EVtKXnIj@dKt@vN|@tL|AvSh@lH,BBBBBBBBBBBBBBBBBBBBBBBBBBBBBBBBBBBBBBBBBBBBBBB,NYC_DOT_LIC,4616333,Manhattan,FDR S 25th St - Catherine Slip
351,0,0,-101,11/29/2018 22:48,4616210,"40.63092,-74.14592 40.62975,-74.14593 40.62877,-74.14579 40.6279506,-74.145671 40.62713,-74.145681 40.62637,-74.14586 40.6254205,-74.14618 40.6247506,-74.146381 40.6241006,-74.146661 40.6234004,-74.14704 40.6226006,-74.147501 40.6217506,-74.148181 40.6208",gv~vF~rpcMhF@bE[bDWbD@vCb@|D~@dCf@`Cv@jCjA~CzAhDfCrDjDfJ~IhDhDxB~AlDlBdEdArDp@jC|Bt@zBCjDeB~DgAzA,BBBBBBBBBBBBBBBBBBBBBBBB,NYC_DOT_LIC,4616210,Staten Island,MLK S - SIE W WALKER STREET - RICHMOND AVENUE
140,41.63,73,0,11/24/2018 6:48,4456479,"40.79789,-73.91988 40.79771,-73.92004 40.79758,-73.92022 40.7974704,-73.92059 40.797501,-73.92109 40.79766,-73.92165 40.79811,-73.922631 40.79834,-73.922991 40.79872,-73.92381 40.799091,-73.924681 40.7993305,-73.92524 40.7999805,-73.926881 40.80096,-73.92",yi_xFfndbMb@^Xb@ThAEbB_@nByAbEm@fAkAbDiAlDo@nBaCfIcEfMkBnGeAhD,BBBBBBBBBBBBBBB,MTA Bridges & Tunnels,4456479,Queens,BE S TBB EXIT RAMP - MANHATTAN LIFT SPAN
140,32.93,91,0,11/18/2018 8:08,4456479,"40.79789,-73.91988 40.79771,-73.92004 40.79758,-73.92022 40.7974704,-73.92059 40.797501,-73.92109 40.79766,-73.92165 40.79811,-73.922631 40.79834,-73.922991 40.79872,-73.92381 40.799091,-73.924681 40.7993305,-73.92524 40.7999805,-73.926881 40.80096,-73.92",yi_xFfndbMb@^Xb@ThAEbB_@nByAbEm@fAkAbDiAlDo@nBaCfIcEfMkBnGeAhD,BBBBBBBBBBBBBBB,MTA Bridges & Tunnels,4456479,Queens,BE S TBB EXIT RAMP - MANHATTAN LIFT SPAN
406,42.25,161,0,11/12/2018 16:03,4456506,"40.81763,-73.80362001 40.817516,-73.80261 40.817226,-73.80083 40.81692,-73.79984 40.81633,-73.79839001 40.815835,-73.79751 40.815185,-73.79659001 40.81439,-73.79573 40.81353,-73.79503001 40.81242,-73.79433 40.81186,-73.79407 40.81112,-73.79382001 40.81,-7",eecxFrwmaMViEx@cJz@eEtBaHbBoD`CwD|CkDjDkC|EkCnBs@rCq@~Eg@fy@m@|P?,BBBBBBBBBBBBBBB,NYC_DOT_LIC,4456506,Queens,TNB S Toll Plaza - Queens Anchorage
440,0,0,-101,11/7/2018 0:03,4329483,"40.5264504,-74.27001 40.52568,-74.267851 40.52528,-74.26585 40.52492,-74.26286 40.5246206,-74.260011 40.5243004,-74.25713 40.52432,-74.254681 40.5243904,-74.253171 40.5245704,-74.25105 40.5256,-74.243941 40.52514,-74.24127 40.5253105,-74.237981 40.5254706",iijvFpzhdMxCoLnAoKfAuQz@yP~@_QCiNMmHc@gLuAmk@[uOa@qS_@eN_@sMc@wP,BBBBBBBBBBBBBBB,NYC_DOT_LIC,4329483,Staten Island,WSE S TYRELLAN AVENUE - 440 S FRANCIS STREET
445,0,0,-101,11/1/2018 4:03,4456494,"40.7262006,-74.01112 40.7252805,-74.01128 40.7218105,-74.011981 40.7195505,-74.012471 40.71654,-74.013231 40.714451,-74.01376 40.71251,-74.01429 40.7108405,-74.014721 40.7086904,-74.01542 40.7079305,-74.01572 40.7072,-74.01598",wiqwFnhvbMvD^xb@lFxQvCrb@hHlLjChHnBPgBh@gA|@WzANnDv@|Cl@|ATvBT`E?fFKzD{@zDcAvC}@dD}@zFaBtF}AtF{ApH}DnIqEnOcI~McHxLeGlHcCjHeF,BBBBBBBBBBBBBBBBBBBBBBBBBBBBBBB,NYC_DOT_LIC,4456494,Manhattan,West St S Spring St - BBT Manhattan Portal outbound
377,51.57,76,0,10/26/2018 9:38,4616195,"40.61486,-74.15738 40.60931,-74.15012 40.60846,-74.14847 40.6079,-74.146831 40.60764,-74.14555 40.6074906,-74.14404 40.60757,-74.1409",{q{vFrzrcMta@kl@hDiInBiIr@}F\mHOsR,BBBBBBB,NYC_DOT_LIC,4616195,Staten Island,SIE E RICHMOND AVENUE - WOOLEY AVENUE
384,5.59,1238,-101,10/20/2018 16:28,4616199,"40.60213,-74.187981 40.60504,-74.185 40.60687,-74.183601 40.6098,-74.181981 40.6157705,-74.17837 40.61719,-74.177821 40.61921,-74.177141 40.620791,-74.175571 40.62154,-74.174191 40.6218804,-74.17309 40.6220405,-74.17158 40.62189,-74.17091 40.6211906,-74.1",ibyvFzyxcMeQsQmJwGiQcIid@qU{GmBsKgC{HyHuCsGcA{E_@mH\eCjCoLaCxK,BBBBBBBBBBBBBB,NYC_DOT_LIC,4616199,Staten Island,SIE W - WSE S SOUTH AVENUE - SOUTH AVENUE
142,58.4,127,0,10/14/2018 4:38,4616261,"40.83037,-73.85062 40.82996,-73.849251 40.8294605,-73.847771 40.8290406,-73.84645 40.8288104,-73.84523 40.8288104,-73.844191 40.82898,-73.842891 40.8298604,-73.838141 40.83005,-73.836841 40.83006,-73.83578 40.8300205,-73.834511 40.8300906,-73.833971 40.83",ytexFj}vaMpAqGbBgHrAgGl@sF?oEa@cGoDu\e@cGAsEF}FMkBe@{Ci@}AyN}XqEcLyA}B_As@uA}@{AWiBEaBRoEdA}DZ,BBBBBBBBBBBBBBBBBBBBBBBB,NYC_DOT_LIC,4616261,Bronx,BE S Griswold - Castle Hill Avenue
378,31.68,84,0,10/8/2018 12:33,4616197,"40.6210105,-74.168861 40.6207604,-74.168 40.6182105,-74.162381 40.6154,-74.15806 40.6149404,-74.15748",ix|vFjbucMp@kD|Ncb@pP_ZzAsB,BBBBB,NYC_DOT_LIC,4616197,Staten Island,SIE E SOUTH AVENUE - RICHMOND AVENUE
177,47.22,90,0,10/2/2018 20:08,4616309,"40.8464305,-73.93213 40.8458904,-73.930331 40.84516,-73.92739 40.84478,-73.925401 40.8447106,-73.92412 40.84478,-73.92246 40.844891,-73.92045 40.8451105,-73.91534 40.8451305,-73.91194 40.8451105,-73.910811 40.84503,-73.909371",eyhxFxzfbMjBiJpCiQjAoKL_GMiIUqKk@}^CgTBcFN_H,BBBBBBBBBBB,NYC_DOT_LIC,4616309,Bronx,CBE E AMSTERDAM AVE(U/LVL) - MORRIS AVE
445,0,0,-101,9/27/2018 3:48,4456494,"40.7262006,-74.01112 40.7252805,-74.01128 40.7218105,-74.011981 40.7195505,-74.012471 40.71654,-74.013231 40.714451,-74.01376 40.71251,-74.01429 40.7108405,-74.014721 40.7086904,-74.01542 40.7079305,-74.01572 40.7072,-74.01598",wiqwFnhvbMvD^xb@lFxQvCrb@hHlLjChHnBPgBh@gA|@WzANnDv@|Cl@|ATvBT`E?fFKzD{@zDcAvC}@dD}@zFaBtF}AtF{ApH}DnIqEnOcI~McHxLeGlHcCjHeF,BBBBBBBBBBBBBBBBBBBBBBBBBBBBBBB,NYC_DOT_LIC,4456494,Manhattan,West St S Spring St - BBT Manhattan Portal outbound
319,48.46,197,0,9/21/2018 11:58,4362251,"40.7537504,-73.744391 40.75605,-73.740851 40.7576705,-73.738391 40.7591904,-73.735841 40.7596604,-73.734851 40.75999,-73.73388 40.7607206,-73.73196 40.76113,-73.731051 40.76178,-73.72999 40.76274,-73.72851 40.7633104,-73.727421 40.7638,-73.72609 40.76408,",}uvwFlebaMkMcUcIkNoH}N}AeEaAaEqC_KqAuDaCsE_EgHqByEaBiGw@kDi@wE,BBBBBBBBBBBBBB,NYC-DOT-Region 10,4362251,Queens,LIE WB LITTLE NECK PKWY - NB CVE
217,22.99,440,0,9/15/2018 18:28,4616328,"40.71141,-73.97866 40.712,-73.97793 40.712661,-73.977511 40.71379,-73.976931 40.7150904,-73.976251 40.7164,-73.9756 40.7172404,-73.975231 40.7182305,-73.97497 40.7200604,-73.97471 40.72158,-73.97453 40.7223506,-73.974331 40.72328,-73.973801 40.72504,-73.9",w~mwFjisbMc@}HkCe^gBoZe@iQe@mJSaBYmA_A{BuBqCcCsAaFsBcGgCeGaCgDiAeEs@mJs@oHc@yCg@yDiB_J{EiFeCyDq@yE]gB?eALiA\eAz@yBdCuBbCcAl@}D`AeDl@kNvBaAF}AMeBc@,BBBBBBBBBBBBBBBBBBBBBBBBBBBBBBBBBBBBB,NYC_DOT_LIC,4616328,Manhattan,FDR N Catherine Slip - 25th St
207,29.2,260,0,9/10/2018 1:58,4616352,"40.71426,-73.729261  40.7136604,-73.7292  40.7123906,-73.728861  40.71038,-73.72795  40.7091206,-73.72763  40.69798,-73.72709  40.6909405,-73.72678  40.6900905,-73.72678  40.68932,-73.72673  40.687321,-73.72641  40.68526,-73.726341  40.68526,-73.72634  40",c_owFzf_aMvBK|FcApKuDzF_ArdAkB~j@}@hD?xCInK_AzKM??xCLhDr@,BBBBBBBBBBBBBB,NYC_DOT_LIC,4616352,Queens,CIP S Hempstead Tpk - Laurelton Pkwy @ SSP
106,10.56,205,0,9/4/2018 5:53,4616323,"40.77158,-73.994441 40.7713004,-73.99455 40.77085,-73.99467 40.76997,-73.99481 40.7701604,-73.99477 40.76986,-73.994831 40.7695406,-73.99496 40.769341,-73.99508 40.768311,-73.9958 40.768311,-73.9958 40.76623,-73.99733 40.76623,-73.99733 40.76547,-73.9979",kezwFf`sbMv@TxAVnDZe@Gz@J~@Xf@VlEnC??~KpH??vCpB??zEbD??dC`B,BBBBBBBBBBBBBBBBB,NYC_DOT_LIC,4616323,Manhattan,12th Ave S 57th St - 45th St
155,24.23,293,0,8/29/2018 13:58,4616232,"40.71772,-73.94831 40.71862,-73.946851 40.72016,-73.94432 40.721481,-73.942051 40.7221204,-73.941121 40.7226804,-73.94034 40.72332,-73.93917 40.72411,-73.93774 40.72437,-73.937211 40.7247205,-73.93591 40.7254605,-73.933 40.72574,-73.932121 40.72612,-73.93",wtowF|_jbMsDcHsHyNgGeM_CyDoB{C_CiF}C}Gs@iBeAcGsCeQw@oDkAuCuCyEwBoCqBkCeCoCaEqD_EgCuIkFsBeBgBsByAaCu@eBiB}FqAiI,BBBBBBBBBBBBBBBBBBBBBBBBBB,NYC_DOT_LIC,4616232,Brooklyn,BQE S 46TH STREET - LEONARD STREET
186,4.34,1860,-101,8/23/2018 21:57,4620315,"40.84667,-73.93188 40.847331,-73.933501 40.8487104,-73.936901 40.84935,-73.93988 40.84962,-73.94175 40.8501204,-73.94462 40.851271,-73.95037 40.85172,-73.95283 40.8521,-73.95515 40.85295,-73.95957 40.85329,-73.96061 40.85352,-73.96142 40.853621,-73.96192",uzhxFfyfbMcCbIsGfT_CrQu@tJcB|PeF|b@yAjNkAnMiDrZcAnEm@`DSbByAbG,BBBBBBBBBBBBBB,PA-GWBridge,4620315,Bronx,CBE W L/LE V AMSTERDAM AVE - I 95 S LOC LNS
165,49.7,50,0,8/18/2018 5:23,4616305,"40.81477,-73.83629 40.81611,-73.83627 40.8178404,-73.83601 40.8202405,-73.83589 40.823961,-73.83607 40.82513,-73.83624",isbxFxctaMkGCyIs@_NWgVb@iF`@,BBBBBB,NYC_DOT_LIC,4616305,Bronx,BWB N Toll Plaza - HRP N Lafayatte Ave
221,32.93,311,0,8/12/2018 12:58,4616333,"40.736971,-73.97477 40.73651,-73.975011 40.73595,-73.97506 40.73512,-73.974911 40.734061,-73.974611 40.7327304,-73.974281 40.731711,-73.97403 40.7313705,-73.973851 40.73096,-73.97359 40.73067,-73.97328 40.73019,-73.972671 40.72966,-73.972181 40.72914,-73.",amswFheobMzAn@nBHdD]rE{@hGaAjEq@bAc@pAs@x@}@~AyBhBaBfB{@vBU~ADpBNnCXnB`@zCpAtEdCjE`CxBhAvAl@hC\pCPbDPlDPpDZ|B\|Cz@fA\XVbGzBpElBfIfDpAz@dBvBl@lAf@dC`@`EVtKXnIj@dKt@vN|@tL|AvSh@lH,BBBBBBBBBBBBBBBBBBBBBBBBBBBBBBBBBBBBBBBBBBBBBBB,NYC_DOT_LIC,4616333,Manhattan,FDR S 25th St - Catherine Slip
319,24.85,380,0,8/6/2018 17:53,4362251,"40.7537504,-73.744391 40.75605,-73.740851 40.7576705,-73.738391 40.7591904,-73.735841 40.7596604,-73.734851 40.75999,-73.73388 40.7607206,-73.73196 40.76113,-73.731051 40.76178,-73.72999 40.76274,-73.72851 40.7633104,-73.727421 40.7638,-73.72609 40.76408,",}uvwFlebaMkMcUcIkNoH}N}AeEaAaEqC_KqAuDaCsE_EgHqByEaBiGw@kDi@wE,BBBBBBBBBBBBBB,NYC-DOT-Region 10,4362251,Queens,LIE WB LITTLE NECK PKWY - NB CVE
217,27.96,362,0,7/29/2018 16:53,4616328,"40.71141,-73.97866 40.712,-73.97793 40.712661,-73.977511 40.71379,-73.976931 40.7150904,-73.976251 40.7164,-73.9756 40.7172404,-73.975231 40.7182305,-73.97497 40.7200604,-73.97471 40.72158,-73.97453 40.7223506,-73.974331 40.72328,-73.973801 40.72504,-73.9",w~mwFjisbMc@}HkCe^gBoZe@iQe@mJSaBYmA_A{BuBqCcCsAaFsBcGgCeGaCgDiAeEs@mJs@oHc@yCg@yDiB_J{EiFeCyDq@yE]gB?eALiA\eAz@yBdCuBbCcAl@}D`AeDl@kNvBaAF}AMeBc@,BBBBBBBBBBBBBBBBBBBBBBBBBBBBBBBBBBBBB,NYC_DOT_LIC,4616328,Manhattan,FDR N Catherine Slip - 25th St
168,51.57,90,0,7/24/2018 0:53,4456496,"40.814761,-73.83668 40.81354,-73.83659 40.8130504,-73.8365 40.8124505,-73.83638 40.8118404,-73.836121 40.8111,-73.83562 40.8049306,-73.831821 40.79925,-73.828251",gsbxFfftaMrFQ`BQvBWxBs@rCcBpe@wVnb@iU,BBBBBBBB,NYC_DOT_LIC,4456496,Bronx,BWB S Toll Plaza - Queens Anchorage
223,36.66,72,0,7/18/2018 8:03,4616341,"40.70908,-73.9959 40.70895,-73.996941 40.70882,-73.997611 40.70861,-73.99827 40.70841,-73.998731 40.7082204,-73.99911 40.70806,-73.99937",w~mwFjisbMXnEXdCh@bCf@zAd@jA^r@,BBBBBBB,NYC_DOT_LIC,4616341,Manhattan,FDR S Catherine Slip - BKN Bridge Manhattan Side
119,31.06,207,0,7/12/2018 15:58,4456502,"40.70631,-74.01501 40.705380,-74.01528 40.70496,-74.01546 40.70374,-74.01574001 40.70304,-74.01582 40.70126,-74.01574 40.70026,-74.01541 40.69408,-74.01304 40.68556,-74.00779 40.68363,-74.00668 40.68213,-74.00602 40.681160,-74.005320 40.6798,-74.00416",mmmwFx`wbMxDt@rAb@rFv@jCNbJOfEaAre@yMft@y_@`K}EjHcC`EkCnGgF,BBBBBBBBBBBBB,MTA Bridges & Tunnels,4456502,Manhattan,BBT E Manhattan Portal - Toll Plaza
410,49.7,93,0,7/6/2018 23:23,4763656,"40.6039704,-74.052281 40.604651,-74.05021 40.60737,-74.04182 40.60795,-74.039971 40.608211,-74.03919",ymyvFvi~bMgC}K_Pms@sBqJs@{C,BBBBB,Verrazano-Narrows-Bridge,4763656,Brooklyn,VNB E SI GANTRY LOWER LEVEL - BROOLKYN GANTRY LOWER LEVEL
445,22.36,251,-101,7/1/2018 7:28,4456494,"40.7262006,-74.01112 40.7252805,-74.01128 40.7218105,-74.011981 40.7195505,-74.012471 40.71654,-74.013231 40.714451,-74.01376 40.71251,-74.01429 40.7108405,-74.014721 40.7086904,-74.01542 40.7079305,-74.01572 40.7072,-74.01598",wiqwFnhvbMvD^xb@lFxQvCrb@hHlLjChHnBPgBh@gA|@WzANnDv@|Cl@|ATvBT`E?fFKzD{@zDcAvC}@dD}@zFaBtF}AtF{ApH}DnIqEnOcI~McHxLeGlHcCjHeF,BBBBBBBBBBBBBBBBBBBBBBBBBBBBBBB,NYC_DOT_LIC,4456494,Manhattan,West St S Spring St - BBT Manhattan Portal outbound
171,8.07,1508,0,6/25/2018 15:23,4616357,"40.66673,-73.78649 40.66642,-73.78958 40.66642,-73.78958 40.66642,-73.790421 40.6665006,-73.79161 40.666771,-73.793241 40.666771,-73.793241 40.6667404,-73.796111 40.6667404,-73.796111 40.6667205,-73.799361 40.6668105,-73.799681 40.6669706,-73.79989 40.666",avewFpljaM|@hR???fDOlFu@dI??D|P??BhSQ~@_@h@??uDdDcAf@}ANiEQkIG??{GXeC^gBj@EH??qQlGiSvHuC|@u]bNwd@jTwQfI{K`GkPxHqPlG,BBBBBBBBBBBBBBBBBBBBBBBBBBBBBBBBB,NYC_DOT_LIC,4616357,Queens,Belt Pkwy W JFK Expressway - VWE N Jamaica Ave
212,49.08,223,0,6/19/2018 23:08,4362244,"40.78802,-73.79003 40.7868604,-73.78838 40.7863506,-73.787771 40.7854504,-73.786831 40.78502,-73.786481 40.7848004,-73.78632 40.7844005,-73.78601 40.7837704,-73.785671 40.7831705,-73.78538 40.78264,-73.7852 40.7817,-73.78497 40.78116,-73.78489 40.78058,-7",cl}wFtbkaMfFiIdByBrD{DtAeAj@_@nA}@|BcAvBy@hBc@zDm@jBOrBY|C_@f@EpHk@|Is@????bIOrGa@xHcBvFyBtImDzHgDtBcAtCoApCgAbEqA~QuHxGqDbCUbCRjEcApEy@jGeAtEi@dBg@t@SdRyGzHwC|IcDbKuDdLeEnM}ExOwFzRsHnCoArGeEtOaQjGqMbCoJ|@{GDuIe@Sf,BBBBBBBBBBBBBBBBBBBBBBBBBBBBBBBBBBBBBBBBBBBBBBBBBBBBBBB,NYC-DOT-Region 10,4362244,Queens,CVE NB LIE - WILLETS PT BLVD
354,25.47,315,0,6/14/2018 6:43,4616228,"40.8859405,-73.89676 40.88698,-73.89528 40.8876205,-73.89407 40.8884506,-73.89185 40.8891906,-73.889041 40.88976,-73.88773 40.8907504,-73.886441 40.8938205,-73.883351 40.8966206,-73.88065 40.8978505,-73.879821 40.8992805,-73.879331 40.90706,-73.87806 40.9",cppxFv}_bMoEgH_CqFeD{LsCqPqBeGeEaGeRiRoP{OuFeD}GaBso@}FsN}AsD_BcCqBiFaG,BBBBBBBBBBBBBBBB,NYC_DOT_LIC,4616228,Bronx,I-87 NYST S Exit 1 - MDE S Van Cortlandt Park
427,24.85,355,0,6/8/2018 11:42,4616259,"40.7279205,-73.83298 40.7268904,-73.83239 40.72639,-73.832001 40.7257505,-73.83126 40.724951,-73.830031 40.724301,-73.829141 40.7236905,-73.82848 40.7229,-73.827801 40.7209605,-73.826541 40.7204005,-73.82634 40.71958,-73.82621 40.718861,-73.82634 40.71746",otqwFbosaMlEuBbBmA~BsC~CuF`CqDxBcC|CgCbK{FnBg@bDYnCXvGb@lADvAA~AUhBm@zA{@vCsCzB_BtEkDzIuKxAiBnGcFbHuDpPaIlN_F,BBBBBBBBBBBBBBBBBBBBBBBBBBB,NYC_DOT_LIC,4616259,Queens,VWE S MP6.39 (Exit 11 Jewel Ave) - MP4.63 (Exit 6 Jamaica Ave)
153,24.23,291,0,6/2/2018 19:23,4616235,"40.69153,-73.99911 40.6922605,-73.99937 40.6928906,-73.99937 40.6933406,-73.99925 40.69406,-73.99898 40.695,-73.99853 40.697371,-73.99741 40.699431,-73.99642 40.69977,-73.9962 40.7001405,-73.99584 40.7004504,-73.995421 40.7007905,-73.994881 40.7010805,-73",}sowFx_jbMwDgHuHgOgG}LqBkDmB}CeCeFoD{Hg@qAcAgGuC_Qy@{D}AwD_CqD{BuC{BuCyBcCcEyDqEuCiIuEsBkBiBuBoAqBs@aBeB{FwAgI,BBBBBBBBBBBBBBBBBBBBBBBBBB,NYC_DOT_LIC,4616235,Brooklyn,BQE N LEONARD STREET - 46TH STREET
264,49.08,43,0,5/28/2018 3:18,4763655,"40.6083804,-74.039301 40.6107105,-74.03202 40.6110506,-74.03144 40.611501,-74.03094 40.61272,-74.02992 40.6134404,-74.02892 40.6142306,-74.02803 40.6163106,-74.02624",kizvFrx{bMqMol@cAsByAcBsFkEoCgE}CqD_LeJ,BBBBBBBB,Verrazano-Narrows-Bridge,4763655,Brooklyn,GOW S VNB W 92ND STREET - BKLYN GANTRY UPPER LEVEL
3,13.04,470,0,5/22/2018 11:08,4616324,"40.76375,-73.999191 40.763521,-73.99935 40.7620804,-74.00136 40.75985,-74.00306 40.75775,-74.00457 40.75775,-74.00457 40.75576,-74.00601 40.7544904,-74.006921 40.7538404,-74.007241 40.75415,-74.00712 40.7502804,-74.00848 40.74833,-74.007771 40.74114,-74.0",mtxwF|}sbMl@^~GpK|LrIbLlH??lK~G|FtD`C~@}@WdWnGdKmC|k@~G`CRzElC,BBBBBBBBBBBBBBB,NYC_DOT_LIC,4616324,Manhattan,12th ave @ 45th - 11 ave ganservoort st
387,9.32,602,0,5/16/2018 17:03,4616206,"40.61072,-74.097911 40.61075,-74.09627 40.61061,-74.09465 40.61021,-74.09299 40.6096804,-74.09162 40.6084106,-74.08862 40.6072205,-74.08561 40.6067904,-74.08435 40.6064805,-74.082591 40.60636,-74.0809 40.6062606,-74.07679 40.60607,-74.07518 40.6056106,-74",_xzvF|fgcMEgIZcInAkIhBqG|FwQlFyQtA{F|@_JVqIRuXd@aIzAyKrByItDoM,BBBBBBBBBBBBBBB,NYC_DOT_LIC,4616206,Staten Island,SIE W FINGERBOARD ROAD - CLOVE ROAD
388,36.66,78,0,5/10/2018 18:53,4616211,"40.6151706,-74.15738 40.61739,-74.16056 40.6205405,-74.16683 40.6209604,-74.16791 40.6210504,-74.168191 40.6211906,-74.16874",ys{vFrzrcM{LzRuRdf@sAvEQv@[lB,BBBBBB,NYC_DOT_LIC,4616211,Staten Island,SIE W RICHMOND AVENUE - SOUTH AVENUE
376,10.56,524,0,5/3/2018 8:38,4616192,"40.61052,-74.09769 40.610561,-74.09586 40.6102405,-74.093881 40.60983,-74.09251 40.60698,-74.08574 40.6065004,-74.083851 40.60616,-74.081781 40.60596,-74.076011 40.6054704,-74.073421 40.60389,-74.06922",wvzvFnegcMGmJ~@kKpAoGxPki@~AyJbA}Kf@ac@`BeOzHgY,BBBBBBBBBB,NYC_DOT_LIC,4616192,Staten Island,SIE E CLOVE ROAD - FINGERBOARD ROAD
2,6.83,465,0,4/27/2018 15:59,4616325,"40.73933,-74.01004 40.73895,-74.01012 40.7376,-74.010021 40.7346,-74.01026 40.72912,-74.010781 40.72619,-74.011131",y{swFvavbMjANlGSvQn@fa@fBhQdA,BBBBBB,NYC_DOT_LIC,4616325,Manhattan,11th ave s ganservoort - west st @ spring st
439,54.68,52,0,4/21/2018 23:38,4616200,"40.5900505,-74.19356 40.59141,-74.19352 40.59413,-74.19266 40.5984005,-74.19099 40.59978,-74.19014 40.60139,-74.188741 40.60213,-74.187981",yvvvFv|ycMoGG_PkDuYmIsGiDaIwGsCwC,BBBBBBB,NYC_DOT_LIC,4616200,Staten Island,WSE S SOUTH AVENUE - VICTORY BOULEVARD
330,0,0,-101,4/16/2018 3:38,4329507,"40.75719,-73.99724 40.76017,-74.00382 40.76185,-74.00725 40.76608,-74.01726",mkwwFvqsbMsQbh@oIlTmYp}@,BBBB,PA -Lincoln Tunnel,4329507,Manhattan,LINCOLN TUNNEL W NORTH TUBE NY - NJ
211,54.05,304,0,4/9/2018 23:03,4362250,"40.78795,-73.790191 40.78647,-73.78812 40.7862104,-73.787781 40.78587,-73.787381 40.7854106,-73.786931 40.7846506,-73.786261 40.7843806,-73.786071 40.78327,-73.78547 40.78266,-73.785271 40.7795604,-73.78463 40.77606,-73.78439 40.77373,-73.78426 40.77273,-",uk}wFtckaMfH}Kr@cAbAoAzAyAvCeCt@e@|EwBxBg@jR_CzTo@pMYfEi@jCk@de@}RbReIrLyEve@sJxMmDb[iL|CwApFkCfAuAPaDcBkKc@uD,BBBBBBBBBBBBBBBBBBBBBBBBBB,NYC-DOT-Region 10,4362250,Queens,CVE NB GCP - WILLETS PT BLVD
347,18.64,380,0,4/4/2018 6:43,4456477,"40.77223,-73.919941 40.77367,-73.92198 40.7744206,-73.92278 40.77714,-73.924911 40.781071,-73.92788 40.78311,-73.929421 40.7837106,-73.929871 40.7842205,-73.93008 40.78477,-73.93017 40.78549,-73.93011 40.78604,-73.92991 40.78665,-73.92953 40.78972,-73.926",mizwFrndbM_HvKuC~C_PhLqWpQwKrHwBxAeBh@mBPoCKmBg@yBkAeRwOgFqDqGwFmDgDwE{DiJyHqDkCsGmE{DsCwCmByGoE}AcAmAo@,BBBBBBBBBBBBBBBBBBBBBBBBB,MTA Bridges & Tunnels,4456477,Queens,MDE S TBB EXIT RAMP - QUEENS ANCHORAGE
110,49.7,154,0,3/29/2018 13:58,4616281,"40.5256,-74.23039 40.52551,-74.23214 40.52539,-74.23344 40.52526,-74.23765 40.52493,-74.24395 40.5247,-74.24803 40.52455,-74.25073 40.5243,-74.25314 40.52419,-74.25536 40.52419,-74.25623 40.52458,-74.26033 40.52477,-74.2621 40.52528,-74.26624 40.52548,-74",_djvF|badMP|IV`GXhY`Ajf@l@pX\zOp@`NTxL?nDmApXe@bJeBxXg@jFsDtO,BBBBBBBBBBBBBBB,NYC_DOT_LIC,4616281,Staten Island,440 N FRANCIS STREET - WSE N TYRELLAN AVE
160,0,0,-101,3/23/2018 18:42,4616266,"40.8562805,-73.87254 40.8521804,-73.871581 40.8501706,-73.871451 40.8483304,-73.871491 40.8458506,-73.87152 40.84239,-73.872261 40.83964,-73.87291 40.8363,-73.8739 40.8349506,-73.87408 40.83339,-73.87407 40.8319705,-73.873921 40.8298404,-73.873331 40.8268",wvjxFjf{aMrX_EpKYnJFnNDrTrCdP`CzSdElGb@vHAzG]hLuB|Q{A,BBBBBBBBBBBBB,NYC_DOT_LIC,4616266,Bronx,BRP S FORDHAM ROAD - WATSON AVENUE
110,52.81,146,0,3/18/2018 1:53,4616281,"40.5256,-74.23039 40.52551,-74.23214 40.52539,-74.23344 40.52526,-74.23765 40.52493,-74.24395 40.5247,-74.24803 40.52455,-74.25073 40.5243,-74.25314 40.52419,-74.25536 40.52419,-74.25623 40.52458,-74.26033 40.52477,-74.2621 40.52528,-74.26624 40.52548,-74",_djvF|badMP|IV`GXhY`Ajf@l@pX\zOp@`NTxL?nDmApXe@bJeBxXg@jFsDtO,BBBBBBBBBBBBBBB,NYC_DOT_LIC,4616281,Staten Island,440 N FRANCIS STREET - WSE N TYRELLAN AVE
223,18.01,144,0,3/12/2018 9:43,4616341,"40.70908,-73.9959 40.70895,-73.996941 40.70882,-73.997611 40.70861,-73.99827 40.70841,-73.998731 40.7082204,-73.99911 40.70806,-73.99937",w~mwFjisbMXnEXdCh@bCf@zAd@jA^r@,BBBBBBB,NYC_DOT_LIC,4616341,Manhattan,FDR S Catherine Slip - BKN Bridge Manhattan Side
437,53.43,116,0,3/6/2018 16:28,4616203,"40.52581,-74.23039 40.52593,-74.228371 40.52611,-74.22745 40.52653,-74.226761 40.5271204,-74.226401 40.529101,-74.22574 40.5309504,-74.22432 40.53188,-74.22409 40.536891,-74.22458 40.5388504,-74.2245 40.5418,-74.22405 40.54379,-74.22338 40.54589,-74.22241",iejvF|badMWsKc@wDsAiCuBgAkKcCqJ{GyDm@i^`BgKOmQyAmKeCcLaE{FoCcHmE,BBBBBBBBBBBBBBB,NYC_DOT_LIC,4616203,Staten Island,WSE S BLLOMINGDALE ROAD - TYRELLAN AVENUE
318,50.95,77,0,3/1/2018 0:12,4362249,"40.7442206,-73.771661 40.7454306,-73.76907 40.745701,-73.76831 40.7465005,-73.7654 40.7476404,-73.76128 40.7480905,-73.76008 40.7488704,-73.75842 40.7492,-73.757551 40.74947,-73.75658 40.75032,-73.75319 40.7506906,-73.75108 40.7508404,-73.75023 40.75104,-",kztwFzogaMqFeOu@wC_DeQcFwXyAoF{CkIaAmDu@aEiDeTiAeL]iDg@mEqA{E_B_EeCgEgGsKiLmScIkNoH}N}AeEaAaEqC_KqAuDaCsE_EgHqByEaBiGw@kDi@wE,BBBBBBBBBBBBBBBBBBBBBBBBBBBBBB,NYC-DOT-Region 10,4362249,Queens,LIE WB LITTLE NECK PKWY - NB CIP
445,17.39,328,0,2/23/2018 8:22,4456494,"40.7262006,-74.01112 40.7252805,-74.01128 40.7218105,-74.011981 40.7195505,-74.012471 40.71654,-74.013231 40.714451,-74.01376 40.71251,-74.01429 40.7108405,-74.014721 40.7086904,-74.01542 40.7079305,-74.01572 40.7072,-74.01598",wiqwFnhvbMvD^xb@lFxQvCrb@hHlLjChHnBPgBh@gA|@WzANnDv@|Cl@|ATvBT`E?fFKzD{@zDcAvC}@dD}@zFaBtF}AtF{ApH}DnIqEnOcI~McHxLeGlHcCjHeF,BBBBBBBBBBBBBBBBBBBBBBBBBBBBBBB,NYC_DOT_LIC,4456494,Manhattan,West St S Spring St - BBT Manhattan Portal outbound
395,44.73,182,0,2/17/2018 12:17,4456476,"40.7723,-73.91983 40.7738304,-73.92197 40.77443,-73.92261 40.77546,-73.92346 40.7783806,-73.925631 40.78103,-73.927631 40.78363,-73.929611 40.784271,-73.92989 40.7851,-73.929971 40.7858105,-73.929841 40.78629,-73.929601 40.786801,-73.92923 40.78799,-73.92",{izwF|mdbMqHjLwB~BmEhDgQpLqOnKgOjK_Cv@eDNmCY_Bo@eBiAmFsEyJkIcPmM_D}DcAkAiG}HsBwB{CqDcAg@_AFi@Ve@|@]hBMjBs@zD_AnDgD`KcDhKeEpMs@vAqAlB{AnE,BBBBBBBBBBBBBBBBBBBBBBBBBBBBBBBBBB,MTA Bridges & Tunnels,4456476,Queens,TBB N QUEENS ANCHORAGE - MANHATTAN LIFT SPAN
329,36.66,149,0,2/11/2018 20:22,4329508,"40.75766,-73.99687 40.7604,-74.00328 40.76197,-74.0071 40.76615,-74.01717",knwwFlosbMcP`g@yHzVcY|}@,BBBB,PA -Lincoln Tunnel,4329508,Manhattan,LINCOLN TUNNEL W CENTER TUBE NY - NJ
298,44.11,57,0,2/6/2018 3:58,4456498,"40.8251205,-73.83637 40.82442,-73.83629 40.82285,-73.836221 40.8214506,-73.836211 40.8189206,-73.83636 40.81526,-73.83669 40.81479,-73.83668",_tdxFhdtaMjCOxHMvGAxN\zU`A|AA,BBBBBBB,NYC_DOT_LIC,4456498,Bronx,HRP S Lafayette Ave - BWB S Toll Plaza
425,47.84,224,0,1/31/2018 12:03,4616276,"40.67445,-73.80181 40.67374,-73.80154 40.6726106,-73.801301 40.6708206,-73.80123 40.66752,-73.801481 40.66479,-73.802321 40.66407,-73.802511 40.6633405,-73.80229 40.6627104,-73.80149 40.66255,-73.800541 40.6627104,-73.799771 40.6631406,-73.799051 40.66481",ifgwFhlmaMlCu@`Fo@dJMrSp@`PfDnCd@pCk@|B_D^}D_@yCuAoCmIuEsCmEs@sCc@_GYyLaAa^uDuaAKqMLyT\mJ`Dij@,BBBBBBBBBBBBBBBBBBBBBBB,NYC_DOT_LIC,4616276,Queens,VWE S MP2.66 (Exit 2 Rockaway Blvd) - Belt Pkwy E 182nd St
349,0,0,-101,1/25/2018 19:47,4329499,"40.6309004,-74.14569 40.63259,-74.145531 40.6343505,-74.145131 40.6352905,-74.144911 40.6395205,-74.143161 40.64452,-74.141111 40.64672,-74.140171 40.6474905,-74.13978 40.65243,-74.136261 40.6532706,-74.13549 40.65375,-74.13476 40.654011,-74.134041 40.654",cv~vFpqpcMqI_@_JoA{Dk@mY}Ig^yKwL{DyCmA{]_UgDyC_BqCs@oCUuBGkCDqDf@wYSgI]sDsAgIaByGcFuM,BBBBBBBBBBBBBBBBBBBBB,NYC_DOT_LIC,4329499,Staten Island,MLK N WALKER STREET - NJ ROUTE 169
399,38.52,62,0,1/20/2018 0:23,4456452,"40.8011005,-73.92846 40.80151,-73.93066 40.8014,-73.93111 40.8012304,-73.93129 40.80096,-73.93141 40.8007405,-73.93133 40.800501,-73.93106 40.80026,-73.93057 40.81,-73.93002 40.7997606,-73.92972 40.7994205,-73.929511 40.79901,-73.92945 40.79771,-73.929341",{}_xFzcfbMqAvLTxA`@b@t@Vj@On@u@n@aBp@mBp@{@bAi@pAKbGUjCErBTvBf@dB|@rAdAf@v@tAnC,BBBBBBBBBBBBBBBBBBBB,MTA Bridges & Tunnels,4456452,Manhattan,TBB W - FDR S MANHATTAN TRUSS - E116TH STREET
319,56.54,170,0,1/14/2018 7:53,4362251,"40.7537504,-73.744391 40.75605,-73.740851 40.7576705,-73.738391 40.7591904,-73.735841 40.7596604,-73.734851 40.75999,-73.73388 40.7607206,-73.73196 40.76113,-73.731051 40.76178,-73.72999 40.76274,-73.72851 40.7633104,-73.727421 40.7638,-73.72609 40.76408,",}uvwFlebaMkMcUcIkNoH}N}AeEaAaEqC_KqAuDaCsE_EgHqByEaBiGw@kDi@wE,BBBBBBBBBBBBBB,NYC-DOT-Region 10,4362251,Queens,LIE WB LITTLE NECK PKWY - NB CVE
164,47.84,97,0,1/8/2018 15:22,4456497,"40.79932,-73.82809 40.8006,-73.82895 40.8047004,-73.83146 40.8114405,-73.83571 40.8120204,-73.836031 40.8124904,-73.836211 40.8128505,-73.836261 40.8148205,-73.83629",wr_xFppraM_GjDsXtNci@pYsB~@}Ab@gAHiKD,BBBBBBBB,NYC_DOT_LIC,4456497,Queens,BWB N Queens Anchorage - Toll Plaza
213,36.66,64,0,1/2/2018 22:51,4456450,"40.80069,-73.92878 40.8013005,-73.930181 40.8014104,-73.93057 40.80143,-73.93084 40.80133,-73.93106 40.8011404,-73.931261 40.80084,-73.931271 40.8006704,-73.93115 40.8005206,-73.930951 40.8001805,-73.930151 40.8705,-73.929931 40.7998905,-73.92972 40.79972",i{_xFzefbMyBvGUlACt@Rj@d@f@z@@`@W\g@bA_DTk@b@i@`@a@n@YhAKjGYp@M`DTtCf@|@\xBrA~@z@dBnD,BBBBBBBBBBBBBBBBBBBBBBB,MTA Bridges & Tunnels,4456450,Manhattan,FDR N - TBB E 116TH STREET - MANHATTAN TRUSS
167,48.46,131,0,12/28/2017 6:52,4616312,"40.7992604,-73.828251 40.79751,-73.827091 40.795711,-73.8258 40.7932906,-73.82419 40.7925904,-73.82378 40.791681,-73.823501 40.7907606,-73.823421 40.7886106,-73.82362 40.7870405,-73.82414 40.78439,-73.8247 40.78249,-73.825031 40.7817,-73.82527 40.78065,-7",kr_xFpqraM|IgFfJaGbNaIjCqAtDw@vDOlLf@xHfBpOnBzJ`A|Cn@pEfBz[|O|HzEtBdBnElFhElHbAxB,BBBBBBBBBBBBBBBBBBB,NYC_DOT_LIC,4616312,Queens,BWB S Queens Anchorage - WSE S Exit 14 (Linden Pl)
427,8.07,1061,0,12/22/2017 14:52,4616259,"40.7279205,-73.83298 40.7268904,-73.83239 40.72639,-73.832001 40.7257505,-73.83126 40.724951,-73.830031 40.724301,-73.829141 40.7236905,-73.82848 40.7229,-73.827801 40.7209605,-73.826541 40.7204005,-73.82634 40.71958,-73.82621 40.718861,-73.82634 40.71746",otqwFbosaMlEuBbBmA~BsC~CuF`CqDxBcC|CgCbK{FnBg@bDYnCXvGb@lADvAA~AUhBm@zA{@vCsCzB_BtEkDzIuKxAiBnGcFbHuDpPaIlN_F,BBBBBBBBBBBBBBBBBBBBBBBBBBB,NYC_DOT_LIC,4616259,Queens,VWE S MP6.39 (Exit 11 Jewel Ave) - MP4.63 (Exit 6 Jamaica Ave)
436,60.27,85,0,12/16/2017 19:47,4616202,"40.56058,-74.199581 40.55926,-74.20113 40.5584906,-74.202351 40.55789,-74.20363 40.55738,-74.20496 40.5561606,-74.209741 40.5558905,-74.210551 40.55516,-74.212471 40.55443,-74.213991 40.55386,-74.215 40.5529104,-74.21635 40.55187,-74.21765 40.5509404,-74.",s~pvFjb{cMfGtHxCrFvB~FdBhGrFz\t@`DpC~JpCnHpBhE|DlGnEbGxDxDzMdL,BBBBBBBBBBBBBB,NYC_DOT_LIC,4616202,Staten Island,WSE S ARDEN AVENUE - BLOOMINGDALE ROAD
435,60.89,99,0,12/11/2017 3:52,4616198,"40.62102,-74.168861 40.6212304,-74.16992 40.6212304,-74.170961 40.6206306,-74.173561 40.6197105,-74.175091 40.6188605,-74.17597 40.61693,-74.1773 40.60685,-74.183361 40.60437,-74.18531 40.6020904,-74.187711",kx|vFjbucMi@rE?nEvBfOvDpHhDnD`KhG~}@zd@nNdKfM~M,BBBBBBBBBB,NYC_DOT_LIC,4616198,Staten Island,WSE N-SIE E SOUTH AVENUE - SOUTH AVENUE
215,14.91,457,0,12/5/2017 11:47,4616329,"40.7369006,-73.974651 40.73868,-73.973391 40.73897,-73.97323 40.73955,-73.97298 40.7415304,-73.97247 40.7423406,-73.97229 40.7428504,-73.97213 40.74338,-73.971871 40.7440804,-73.97141 40.7446706,-73.97103 40.7455605,-73.970301 40.7465204,-73.96929 40.7472",slswFpdobMcJ{Fy@_@sBq@kKeBaDc@eB_@iBs@kC{AuBkAqDqC_EiEyCuCcDaCeT}PuJuIrAhAcE{CaEkDcEkFsEiD}FiEiHoFcAwA}BoD,BBBBBBBBBBBBBBBBBBBBBBBBB,NYC_DOT_LIC,4616329,Manhattan,FDR N 25th - 63rd St
381,36.66,43,0,11/29/2017 19:12,4616194,"40.608031,-74.13212 40.60759,-74.1409",egzvFt|mcMvA|u@,BB,NYC_DOT_LIC,4616194,Staten Island,SIE E WOOLEY AVENUE - BRADLEY AVENUE
381,47.84,33,0,11/23/2017 23:33,4616194,"40.608031,-74.13212 40.60759,-74.1409",egzvFt|mcMvA|u@,BB,NYC_DOT_LIC,4616194,Staten Island,SIE E WOOLEY AVENUE - BRADLEY AVENUE
338,27.34,188,0,11/18/2017 7:33,4616255,"40.81376,-73.93128 40.8127206,-73.9316 40.8121104,-73.93169 40.81148,-73.93161 40.81091,-73.931261 40.81044,-73.93079 40.8082604,-73.927901 40.80772,-73.9269 40.80653,-73.923971 40.80503,-73.92024 40.8037906,-73.917471 40.8036,-73.916931 40.803411,-73.915",_mbxFnufbMnE~@xBP|BOpBeA|A}ArLaQjBgElFiQjHiVvFiPd@kBd@_EB{DQcBi@uB{@cCcEmL??wCcI_AyCgEwMo@wAa^{j@eGiJcAiAyB}Bya@gc@_A{@sFgJcC}CK_@cGm{@uAmS,BBBBBBBBBBBBBBBBBBBBBBBBBBBBBBBBBB,NYC_DOT_LIC,4616255,Bronx,MDE N RFK Bridge - 142nd St
365,0,0,-101,11/12/2017 15:13,4456510,"40.741534,-73.95406001  40.7415,-73.95491001  40.742526,-73.95976  40.743125,-73.96152001  40.745436,-73.96631001  40.746234,-73.96946001  40.745835,-73.97259001  40.74598,-73.97347  40.746704,-73.97515",qitwFzckbMDhDkEh]wB~ImM|\_DtRnApR]nDoCnI,BBBBBBBBB,NYC_DOT_LIC,4456510,Queens,QMT W Toll Plaza - Manhattan Side
177,0,0,-101,11/6/2017 22:38,4616309,"40.8464305,-73.93213 40.8458904,-73.930331 40.84516,-73.92739 40.84478,-73.925401 40.8447106,-73.92412 40.84478,-73.92246 40.844891,-73.92045 40.8451105,-73.91534 40.8451305,-73.91194 40.8451105,-73.910811 40.84503,-73.909371",eyhxFxzfbMjBiJpCiQjAoKL_GMiIUqKk@}^CgTBcFN_H,BBBBBBBBBBB,NYC_DOT_LIC,4616309,Bronx,CBE E AMSTERDAM AVE(U/LVL) - MORRIS AVE
426,59.03,116,0,11/1/2017 3:28,4616272,"40.7024204,-73.816481 40.700841,-73.815751 40.69726,-73.81382 40.6959105,-73.812981 40.68863,-73.808861 40.6775105,-73.803261 40.67445,-73.80181",culwF~gpaMzHqCjUaKlGgDnl@wXndA_b@bRaH,BBBBBBB,NYC_DOT_LIC,4616272,Queens,VWE S MP4.63 (Exit 6 Jamaica Ave) - MP2.66 (Exit 2 Roackaway Blvd)
213,35.41,66,0,10/26/2017 11:33,4456450,"40.80069,-73.92878 40.8013005,-73.930181 40.8014104,-73.93057 40.80143,-73.93084 40.80133,-73.93106 40.8011404,-73.931261 40.80084,-73.931271 40.8006704,-73.93115 40.8005206,-73.930951 40.8001805,-73.930151 40.8705,-73.929931 40.7998905,-73.92972 40.79972",i{_xFzefbMyBvGUlACt@Rj@d@f@z@@`@W\g@bA_DTk@b@i@`@a@n@YhAKjGYp@M`DTtCf@|@\xBrA~@z@dBnD,BBBBBBBBBBBBBBBBBBBBBBB,MTA Bridges & Tunnels,4456450,Manhattan,FDR N - TBB E 116TH STREET - MANHATTAN TRUSS
347,38.52,185,0,10/20/2017 19:18,4456477,"40.77223,-73.919941 40.77367,-73.92198 40.7744206,-73.92278 40.77714,-73.924911 40.781071,-73.92788 40.78311,-73.929421 40.7837106,-73.929871 40.7842205,-73.93008 40.78477,-73.93017 40.78549,-73.93011 40.78604,-73.92991 40.78665,-73.92953 40.78972,-73.926",mizwFrndbM_HvKuC~C_PhLqWpQwKrHwBxAeBh@mBPoCKmBg@yBkAeRwOgFqDqGwFmDgDwE{DiJyHqDkCsGmE{DsCwCmByGoE}AcAmAo@,BBBBBBBBBBBBBBBBBBBBBBBBB,MTA Bridges & Tunnels,4456477,Queens,MDE S TBB EXIT RAMP - QUEENS ANCHORAGE
215,19.88,339,0,10/15/2017 0:32,4616329,"40.7369006,-73.974651 40.73868,-73.973391 40.73897,-73.97323 40.73955,-73.97298 40.7415304,-73.97247 40.7423406,-73.97229 40.7428504,-73.97213 40.74338,-73.971871 40.7440804,-73.97141 40.7446706,-73.97103 40.7455605,-73.970301 40.7465204,-73.96929 40.7472",slswFpdobMcJ{Fy@_@sBq@kKeBaDc@eB_@iBs@kC{AuBkAqDqC_EiEyCuCcDaCeT}PuJuIrAhAcE{CaEkDcEkFsEiD}FiEiHoFcAwA}BoD,BBBBBBBBBBBBBBBBBBBBBBBBB,NYC_DOT_LIC,4616329,Manhattan,FDR N 25th - 63rd St
191,49.08,87,0,10/9/2017 8:18,4620331,"40.8465405,-73.932021 40.84611,-73.93075 40.8452706,-73.92726 40.84496,-73.925931 40.8448206,-73.924811 40.8448206,-73.923691 40.84501,-73.92041 40.84523,-73.91556 40.8452404,-73.91198 40.8452006,-73.91082",{yhxFbzfbMtA}FfDyT|@iGZ_F?_Fe@oSk@i]AkUFgF,BBBBBBBBBB,PA-GWBridge,4620331,Bronx,CBE W MORRIS AVE - GWB W AMSTERDAM AVE (U/LVL)
110,0,0,-101,10/3/2017 16:13,4616281,"40.5256,-74.23039 40.52551,-74.23214 40.52539,-74.23344 40.52526,-74.23765 40.52493,-74.24395 40.5247,-74.24803 40.52455,-74.25073 40.5243,-74.25314 40.52419,-74.25536 40.52419,-74.25623 40.52458,-74.26033 40.52477,-74.2621 40.52528,-74.26624 40.52548,-74",_djvF|badMP|IV`GXhY`Ajf@l@pX\zOp@`NTxL?nDmApXe@bJeBxXg@jFsDtO,BBBBBBBBBBBBBBB,NYC_DOT_LIC,4616281,Staten Island,440 N FRANCIS STREET - WSE N TYRELLAN AVE
184,50.33,50,0,9/27/2017 20:33,4616253,"40.8347204,-73.86593 40.83357,-73.86199 40.8327305,-73.8592 40.8312,-73.85409 40.83017,-73.85069 40.83015,-73.85071 40.8301304,-73.850731 40.8301105,-73.850731",_pfxF`}yaMdFsWfDmPpH}^lEgTBBBBB,BBBBB,NYC_DOT_LIC,4616253,Bronx,CBE E TAYLOR AVENUE - CASTLE HILL AVENUE
110,0,0,-101,9/18/2017 5:58,4616281,"40.5256,-74.23039 40.52551,-74.23214 40.52539,-74.23344 40.52526,-74.23765 40.52493,-74.24395 40.5247,-74.24803 40.52455,-74.25073 40.5243,-74.25314 40.52419,-74.25536 40.52419,-74.25623 40.52458,-74.26033 40.52477,-74.2621 40.52528,-74.26624 40.52548,-74",_djvF|badMP|IV`GXhY`Ajf@l@pX\zOp@`NTxL?nDmApXe@bJeBxXg@jFsDtO,BBBBBBBBBBBBBBB,NYC_DOT_LIC,4616281,Staten Island,440 N FRANCIS STREET - WSE N TYRELLAN AVE
223,36.66,72,0,9/12/2017 11:02,4616341,"40.70908,-73.9959 40.70895,-73.996941 40.70882,-73.997611 40.70861,-73.99827 40.70841,-73.998731 40.7082204,-73.99911 40.70806,-73.99937",w~mwFjisbMXnEXdCh@bCf@zAd@jA^r@,BBBBBBB,NYC_DOT_LIC,4616341,Manhattan,FDR S Catherine Slip - BKN Bridge Manhattan Side
150,5.59,1618,-101,9/6/2017 17:59,4616340,"40.7016405,-73.991121 40.70158,-73.99033 40.7014405,-73.98932 40.70123,-73.98797 40.7011505,-73.987461 40.70094,-73.986521 40.70073,-73.985921 40.70055,-73.985581 40.70029,-73.985211 40.76,-73.984951 40.69975,-73.984681 40.6995605,-73.984551 40.69944,-73.",gplwFnkrbMJ}CZiEh@mGNeBh@{Dh@wBb@cAr@iAl@s@|@u@d@YVGl@A^JTVVn@Dt@Gl@Uf@i@j@eA~@gCjAyDhBcCfA_A`@cB|@wIbEgF~BuPdI}SzI{KbFeGtC{CJ,BBBBBBBBBBBBBBBBBBBBBBBBBBBBBBBBBB,NYC_DOT_LIC,4616340,Manhattan,BQE N Atlantic Ave - MAN Bridge Manhattan Side
445,16.15,354,0,9/1/2017 1:58,4456494,"40.7262006,-74.01112 40.7252805,-74.01128 40.7218105,-74.011981 40.7195505,-74.012471 40.71654,-74.013231 40.714451,-74.01376 40.71251,-74.01429 40.7108405,-74.014721 40.7086904,-74.01542 40.7079305,-74.01572 40.7072,-74.01598",wiqwFnhvbMvD^xb@lFxQvCrb@hHlLjChHnBPgBh@gA|@WzANnDv@|Cl@|ATvBT`E?fFKzD{@zDcAvC}@dD}@zFaBtF}AtF{ApH}DnIqEnOcI~McHxLeGlHcCjHeF,BBBBBBBBBBBBBBBBBBBBBBBBBBBBBBB,NYC_DOT_LIC,4456494,Manhattan,West St S Spring St - BBT Manhattan Portal outbound
379,0,0,-101,8/26/2017 9:23,4763650,"40.60408,-74.052241 40.6036605,-74.05356 40.6033506,-74.05459 40.6029905,-74.055641 40.60213,-74.058271 40.60186,-74.05915 40.601741,-74.060121 40.60172,-74.06095 40.60179,-74.06175 40.6018506,-74.062621 40.60201,-74.063791 40.6021804,-74.06444 40.6039305",onyvFni~bMrAfG|@lEfApEjDlOt@nDV`EBdDM~CKlD_@hFa@`C}Il\,BBBBBBBBBBBBB,NYC_DOT_LIC,4763650,Staten Island,SIE E VNB E FINGERBOARD ROAD - SI GANTRY LOWER LEVEL
265,0,0,-101,8/20/2017 15:23,4620298,"40.8462505,-73.932161 40.846951,-73.933641 40.8484204,-73.937041 40.8490306,-73.93994 40.8493804,-73.94181 40.8499005,-73.944651 40.8509,-73.950381 40.85139,-73.95283 40.85186,-73.95525 40.852771,-73.95957 40.85302,-73.96052 40.8531905,-73.96133 40.853280",axhxF~zfbMkCfHeHfTyBbQeAtJgBvPgExb@aBhN}AbNuD~Yq@|Da@`DQpCY|F,BBBBBBBBBBBBBB,PA-GWBridge,4620298,Manhattan,GWB E LOWER LEVEL PLAZA - CBE E LOWER LEVEL AMSTERDAM AVE
375,0,0,-101,8/14/2017 20:22,4616193,"40.61052,-74.09769 40.6101,-74.10893 40.61028,-74.1105 40.61097,-74.113 40.6110705,-74.115671 40.61079,-74.11726 40.60938,-74.12241 40.6084306,-74.127401 40.60804,-74.13212",wvzvFpegcMrAfeAc@vHiCtNSrOv@|HxGf_@|Db^lAp\,BBBBBBBBB,NYC_DOT_LIC,4616193,Staten Island,SIE E BRADLEY AVENUE - CLOVE ROAD
388,11.18,166,0,7/19/2017 17:11,4616211,"40.6151706,-74.15738 40.61739,-74.16056 40.6205405,-74.16683 40.6209604,-74.16791 40.6210504,-74.168191 40.6211906,-74.16874",ys{vFrzrcM{LzRuRdf@sAvEQv@[lB,BBBBBB,NYC_DOT_LIC,4616211,Staten Island,SIE W RICHMOND AVENUE - SOUTH AVENUE
153,6.21,1099,0,6/21/2017 0:21,4616235,"40.69153,-73.99911 40.6922605,-73.99937 40.6928906,-73.99937 40.6933406,-73.99925 40.69406,-73.99898 40.695,-73.99853 40.697371,-73.99741 40.699431,-73.99642 40.69977,-73.9962 40.7001405,-73.99584 40.7004504,-73.995421 40.7007905,-73.994881 40.7010805,-73",}sowFx_jbMwDgHuHgOgG}LqBkDmB}CeCeFoD{Hg@qAcAgGuC_Qy@{D}AwD_CqD{BuC{BuCyBcCcEyDqEuCiIuEsBkBiBuBoAqBs@aBeB{FwAgI,BBBBBBBBBBBBBBBBBBBBBBBBBB,NYC_DOT_LIC,4616235,Brooklyn,BQE N LEONARD STREET - 46TH STREET
428,21.75,207,0,5/25/2017 7:57,4616241,"40.7626006,-73.839671 40.7613906,-73.83898 40.7610504,-73.83887 40.7605406,-73.83879 40.76001,-73.838821 40.75831,-73.83897 40.75788,-73.8389340.75562,-73.83847 40.75513,-73.83834 40.75455,-73.83811 40.7513,-73.835911 40.75041,-73.8353 40.7498406,-73.8350",gmxwF|xtaMpFiCbAUdBOhBDrI\tAGbM{A`BYrBm@hSwLpDyBpBw@|A_@jBMrCLbEjA~BdBjCvBf@XnAlAbBhAvB|@xAZdBRtABjCItKoBpGmAvTcAfCc@|EeBt`@oP,BBBBBBBBBBBBBBBBBBBBBBBBBBBBBBBBB,NYC_DOT_LIC,4616241,Queens,VWE S MP8.65 (Exit 13 Northern Blvd) - MP6.39 (Exit 11 Jewel Ave)
